Workbook

Sheet Price Update
A1: البند | B1: الفئة | C1: سعر سبتمبر 2025 | D1: معامل التحديث | E1: السعر المحدث 20-05-2026 | F1: فرق القيمة | G1: نسبة الزيادة | H1: احتياطي المخاطر | I1: السعر الآمن بالاحتياطي | J1: نطاق منخفض | K1: نطاق مرتفع | L1: أساس التسعير | M1: المصدر/الملاحظة
A2: عنابر التربية | B2: هياكل وعنابر | C2: 2182020 | D2: 1.22 | E2: 2662064 | F2: 480044 | G2: 0.21999982 | H2: 0.1 | I2: 2928270 | J2: 2528961 | K2: 3074684 | L2: حديد/قطاعات/تصنيع/تركيب | M2: وزارة الإسكان نشرة 2026 + أسعار الحديد 19 مايو 2026 + BOM/BOQ
A3: الحجر البيطري وغرف العزل | B3: إنشاءات صحية/عزل | C3: 147000 | D3: 1.18 | E3: 173460 | F3: 26460 | G3: 0.18 | H3: 0.1 | I3: 190806 | J3: 164787 | K3: 200346 | L3: مبان خفيفة وتشطيبات وتجهيز أولي | M3: تقدير سوقي من مواد بناء + هامش تنفيذ
A4: ابار تخمير الكومبوست | B4: أعمال مدنية | C4: 84000 | D4: 1.15 | E4: 96600 | F4: 12600 | G4: 0.15 | H4: 0.1 | I4: 106260 | J4: 91770 | K4: 111573 | L4: حفر/خرسانة/مونة/عمالة | M4: نشرة مواد البناء: رمل/زلط/أسمنت + تقدير عمالة
A5: حواجز الحظائر وخطوط الأعلاف | B5: تصنيع خاص | C5: 259500 | D5: 1.25 | E5: 324375 | F5: 64875 | G5: 0.25 | H5: 0.2 | I5: 389250 | J5: 308156 | K5: 408712 | L5: حديد خفيف/تصنيع/تثبيت/خطوط علف | M5: BOM steel + أسعار الحديد + يحتاج عرض مصنع
A6: شبكات الصرف وتجفيف أرضيات العنابر | B6: صرف وأرضيات | C6: 147000 | D6: 1.18 | E6: 173460 | F6: 26460 | G6: 0.18 | H6: 0.1 | I6: 190806 | J6: 164787 | K6: 200346 | L6: خرسانة/مواسير/ميول/عمالة | M6: نشرة مواد البناء + تقدير مواسير وصرف
A7: خط تغذية التيار ولوحة التوزيع | B7: كهرباء | C7: 95000 | D7: 1.2 | E7: 114000 | F7: 19000 | G7: 0.2 | H7: 0.1 | I7: 125400 | J7: 108300 | K7: 131670 | L7: كابلات/لوحة/قواطع/تركيب | M7: نشرة مواد البناء: أسلاك وكابلات + تقدير مقاول كهرباء
A8: الإنارة والكاميرات وأنظمة التحكم | B8: كهرباء وتحكم | C8: 55000 | D8: 1.15 | E8: 63250 | F8: 8250 | G8: 0.15 | H8: 0.15 | I8: 72738 | J8: 60088 | K8: 76375 | L8: كشافات/كاميرات/NVR/تمديدات | M8: تقدير سوقي سريع + يحتاج عرض مورد
A9: بلتات تخزين قش الرز | B9: مخازن وأعلاف | C9: 52500 | D9: 1.2 | E9: 63000 | F9: 10500 | G9: 0.2 | H9: 0.2 | I9: 75600 | J9: 59850 | K9: 79380 | L9: بلتات/حوامل/تجهيز تخزين | M9: تقدير سوقي سريع + يحتاج عرض مورد
A10: الخزانات ونظام توزيع مياه الشرب | B10: مياه | C10: 100000 | D10: 1.15 | E10: 115000 | F10: 15000 | G10: 0.15 | H10: 0.1 | I10: 126500 | J10: 109250 | K10: 132825 | L10: 8 خزانات 3000 لتر + محابس/عوامات/قواعد | M10: BOM_Water_System + سعر خزان 3000 لتر بناية
A11: جرار زراعي 20 حصان | B11: معدات | C11: 250000 | D11: 1.15 | E11: 287500 | F11: 37500 | G11: 0.15 | H11: 0.15 | I11: 330625 | J11: 273125 | K11: 347156 | L11: جرار صغير/نقل داخلي وخدمة أعلاف | M11: تقدير معدات؛ يجب عرض مورد/حالة مستعمل أو جديد
A12: مفرمة للقش | B12: معدات | C12: 60000 | D12: 1.18 | E12: 70800 | F12: 10800 | G12: 0.18 | H12: 0.15 | I12: 81420 | J12: 67260 | K12: 85491 | L12: مفرمة قش | M12: تقدير معدات؛ يجب عرض مورد
A13: مقطورة للجرار | B13: معدات | C13: 80000 | D13: 1.2 | E13: 96000 | F13: 16000 | G13: 0.2 | H13: 0.15 | I13: 110400 | J13: 91200 | K13: 115920 | L13: مقطورة خدمة | M13: تقدير معدات؛ يجب عرض مورد
... A15: تجهيزات الحجر البيطري | B15: بيطري | C15: 36500 | D15: 1.15 | E15: 41975 | F15: 5475 | G15: 0.15 | H15: 0.1 | I15: 46173 | J15: 39876 | K15: 48482 | L15: أدوات عزل/تطهير/تجهيزات أساسية | M15: تقدير بيطري ومستلزمات محلية
A16: الإجمالي | C16: =SUM(C2:C15) | E16: =SUM(E2:E15) | F16: =SUM(F2:F15) | G16: =F16/C16 | H16: مختلط | I16: =SUM(I2:I15) | J16: =SUM(J2:J15) | K16: =SUM(K2:K15)

Sheet Investor Summary
A1: تاريخ التحديث | B1: 20 مايو 2026
A2: السوق | B2: مصر
A3: العملة | B3: جنيه مصري
A4: النطاق | B4: إنشاء وتجهيز مشروع تسمين الخراف فقط؛ الدواجن خارج النطاق
A5: إجمالي سبتمبر 2025 | B5: ='Price Update'!C16
A6: إجمالي محدث بدون احتياطي | B6: ='Price Update'!E16
A7: إجمالي آمن باحتياطي مخاطر | B7: ='Price Update'!I16
A8: فرق التمويل المطلوب بدون احتياطي | B8: ='Price Update'!F16
A9: نسبة الزيادة بدون احتياطي | B9: ='Price Update'!G16
A10: ملاحظة | B10: الأسعار تقديرية سريعة وليست عروض أسعار ملزمة؛ يلزم طلب عروض مباشرة للبنود ذات التصنيع/المعدات.

Sheet Scenarios
A1: السيناريو | B1: الوصف | C1: القيمة المقدرة | D1: الاستخدام
A2: محافظ | B2: السعر المحدث بدون احتياطي مخاطر | C2: ='Price Update'!E16 | D2: رقم تفاوض أولي
A3: آمن | B3: السعر المحدث + احتياطي حسب نوع البند | C3: ='Price Update'!I16 | D3: يفضل كتمويل مطلوب حاليًا
A4: حد منخفض | B4: نطاق منخفض عند أسعار موردين جيدة | C4: ='Price Update'!J16 | D4: للتفاوض
A5: حد مرتفع | B5: نطاق مرتفع مع مخاطر توريد ونقل | C5: ='Price Update'!K16 | D5: سقف اعتماد داخلي

Sheet Quote Needed
A1: البند | B1: سبب طلب عرض مباشر | C1: أولوية
A2: حواجز الحظائر وخطوط الأعلاف | B2: السعر يعتمد على مواصفة/تصنيع/حالة المعدة/المورد وليس مؤشر سوق عام | C2: عالية
A3: الإنارة والكاميرات وأنظمة التحكم | B3: السعر يعتمد على مواصفة/تصنيع/حالة المعدة/المورد وليس مؤشر سوق عام | C3: عالية
A4: بلتات تخزين قش الرز | B4: السعر يعتمد على مواصفة/تصنيع/حالة المعدة/المورد وليس مؤشر سوق عام | C4: عالية
A5: جرار زراعي 20 حصان | B5: السعر يعتمد على مواصفة/تصنيع/حالة المعدة/المورد وليس مؤشر سوق عام | C5: عالية
A6: مفرمة للقش | B6: السعر يعتمد على مواصفة/تصنيع/حالة المعدة/المورد وليس مؤشر سوق عام | C6: عالية
A7: مقطورة للجرار | B7: السعر يعتمد على مواصفة/تصنيع/حالة المعدة/المورد وليس مؤشر سوق عام | C7: عالية
A8: عزاقة ومكنسة ملحقة بالجرار | B8: السعر يعتمد على مواصفة/تصنيع/حالة المعدة/المورد وليس مؤشر سوق عام | C8: عالية
A9: شراء الخراف لأول دورة | B9: غير داخل المصروف الافتتاحي؛ يحتاج سعر قائم ووزن ومصدر وعدد رؤوس قبل التنفيذ | C9: عالية بعد جاهزية الإنشاء
A10: الأعلاف لأول دورة | B10: غير داخل المصروف الافتتاحي؛ يحتاج تركيبة علف وسعر طن وتوريد منتظم | C10: عالية قبل إدخال الخراف

Sheet Sources
A1: المصدر | B1: الرابط | C1: الاستخدام
A2: نشرة وزارة الإسكان والمرافق والمجتمعات العمرانية - مواد البناء 2026 | B2: https://img.mhuc.gov.eg/images/706fc020-a0b6-4095-a2fb-4cc21e2e2b38.pdf | C2: مصدر رسمي استرشادي؛ الأسعار شاملة الضرائب ولا تشمل النقل.
A3: جريدة المال - أسعار الحديد في مصر 19 مايو 2026 | B3: https://almalnews.com/2114994/ | C3: حديد عز 39,850 جنيه/طن وقائمة شركات أخرى بين 37,000 و39,850 تقريبًا.
A4: عالم المال - أسعار حديد التسليح 19 مايو 2026 | B4: https://alamalmal.net/article/929642/ | C4: حديد عز 39,337.67 جنيه/طن وحديد بشاي 39,800 جنيه/طن.
A5: Banker - أسعار الأسمنت 19 مايو 2026 | B5: https://www.banker.news/137432 | C5: مرجع خبري حديث لنطاق الأسمنت.
A6: بناية - خزان مياه رأسي بولي تانك 3000 لتر | B6: https://bnaia.com/ar/catalog/product/view/id/45712 | C6: سعر ظاهر 8,359.74 جنيه للخزان 3000 لتر.
A7: Banker - أسعار الخراف والماشية 19 مايو 2026 | B7: https://www.banker.news/137460 | C7: الخراف البلدي 205-250 جنيه/كجم قائم، والبرقي 220-280 وقد يصل 315.
A8: صحيفة ديما - أسعار الخروف في مصر 2026 | B8: https://www.deema.inc/sheep-prices-egypt-2026-today-live/ | C8: مرجع إضافي: البلدي 180-210 جنيه/كجم قائم، متوسط الخروف 10,000-18,000 جنيه.
A9: افتراض احتياطي المخاطر | B9: داخلي | C9: 10% للبنود المحلية، 15% للمعدات، 20% للتصنيع الخاص/المورد المباشر.
A10: فصل التشغيل عن الإنشاء | B10: داخلي | C10: شراء الخراف والعلف والأدوية للدورة الأولى لم تدخل في إجمالي المصروف الافتتاحي.

Sheet Updated Cashflow
A1: المرحلة | B1: قيمة سبتمبر | C1: النسبة من الإجمالي | D1: قيمة محدثة بدون احتياطي | E1: قيمة آمنة بالاحتياطي
A2: دفعة التعاقد | B2: 1937114 | C2: 0.53607397 | D2: ='Price Update'!E16*C2 | E2: ='Price Update'!I16*C2
A3: الأسبوع 1 | B3: 456000 | C3: 0.12619274 | D3: ='Price Update'!E16*C3 | E3: ='Price Update'!I16*C3
A4: الأسبوع 2 | B4: 309152 | C4: 0.085554252 | D4: ='Price Update'!E16*C4 | E4: ='Price Update'!I16*C4
A5: الأسبوع 3 | B5: 296501 | C5: 0.082053233 | D5: ='Price Update'!E16*C5 | E5: ='Price Update'!I16*C5
A6: الأسبوع 4 | B6: 396551 | C6: 0.10974092 | D6: ='Price Update'!E16*C6 | E6: ='Price Update'!I16*C6
A7: الأسبوع 5 | B7: 218202 | C7: 0.060384888 | D7: ='Price Update'!E16*C7 | E7: ='Price Update'!I16*C7

Sheet First Cycle Ref
A1: البند | B1: سعر/نطاق مرجعي | C1: ملاحظة
A2: الخراف البلدي قائم | B2: 180-250 جنيه/كجم قائم | C2: مرجع سوق مايو 2026؛ لا يدخل في المصروف الافتتاحي
A3: الخراف البرقي قائم | B3: 220-280 جنيه/كجم وقد يصل 315 | C3: يستخدم فقط عند اختيار نوع الخراف ومصدر الشراء
A4: عدد أولي مقترح | B4: 250 ثم 500 رأس | C4: لتقليل المخاطر بعد جاهزية الموقع
A5: شرط إدخال الخراف | B5: اختبار المياه والصرف والحجر والتغذية | C5: لا شراء قبل محضر جاهزية
