Workbook
Name INT: البنية_التحتية_و_الخدمات[[#Totals],[المبلغ بالجنيه]]
Name Slicer_البند: #N/A
Name STT: 'المصروف الافتتاحي'!$C$11
Name INT: البنية_التحتية_و_الخدمات[[#Totals],[المبلغ بالجنيه]]

Sheet المصروف الافتتاحي
B1: دفعات وتواريخ ضخ السيــولــــة بالمشـــروع | D1: 45897 | E1: =D1+6 | F1: =E1+7 | G1: =F1+7 | H1: =G1+7 | I1: =H1+7
D2: دفعة التعاقد | E2: الأسبوع 1 | F2: الأسبوع 2 | G2: الأسبوع 3 | H2: الأسبوع 4 | I2: الأسبوع 5
C3: =STT+البنية_التحتية_و_الخدمات[[#Totals],[المبلغ بالجنيه]]+المعدات_والتجهيزات[[#Totals],[المبلغ بالجنيه]] | D3: =SUM(D11,البنية_التحتية_و_الخدمات[[#Totals],[عند التعاقد]],المعدات_والتجهيزات[[#Totals],[عند التعاقد]]) | E3: =SUM(E11,البنية_التحتية_و_الخدمات[[#Totals],[الأسبوع 1]],المعدات_والتجهيزات[[#Totals],[الأسبوع 1]]) | F3: =SUM(F11,البنية_التحتية_و_الخدمات[[#Totals],[الأسبوع 2]],المعدات_والتجهيزات[[#Totals],[الأسبوع 2]]) | G3: =SUM(G11,البنية_التحتية_و_الخدمات[[#Totals],[الأسبوع 3]],المعدات_والتجهيزات[[#Totals],[الأسبوع 3]]) | H3: =SUM(H11,البنية_التحتية_و_الخدمات[[#Totals],[الأسبوع 4]],المعدات_والتجهيزات[[#Totals],[الأسبوع 4]]) | I3: =SUM(I11,البنية_التحتية_و_الخدمات[[#Totals],[الأسبوع 5]],المعدات_والتجهيزات[[#Totals],[الأسبوع 5]])
C4: 1 | D4: =D3/$C$3 | E4: =E3/$C$3 | F4: =F3/$C$3 | G4: =G3/$C$3 | H4: =H3/$C$3 | I4: =I3/$C$3
B6: الإنشائات | C6: المبلغ بالجنيه | D6: عند التعاقد | E6: الأسبوع 1 | F6: الأسبوع 2 | G6: الأسبوع 3 | H6: الأسبوع 4 | I6: الأسبوع 5
B7: عنابر التربية | C7: 2662064 | D7: ='المصروف الافتتاحي'!$C7*0.7 | E7: ='المصروف الافتتاحي'!$C7*0 | F7: ='المصروف الافتتاحي'!$C7*0.1 | G7: ='المصروف الافتتاحي'!$C7*0.05 | H7: ='المصروف الافتتاحي'!$C7*0.05 | I7: ='المصروف الافتتاحي'!$C7*0.1
B8: الحجر البيطري وغرف العزل | C8: 173460 | D8: 0 | E8: 0 | F8: 0 | G8: ='المصروف الافتتاحي'!$C8 | H8: 0 | I8: 0
B9: ابار تخمير الكومبوست | C9: 96600 | D9: ='المصروف الافتتاحي'!$C9*0.25 | E9: ='المصروف الافتتاحي'!$C9*0.5 | F9: ='المصروف الافتتاحي'!$C9*0.25 | G9: 0 | H9: 0 | I9: 0
B10: حواجز الحظائر وخطوط الأعلاف | C10: 324375 | D10: ='المصروف الافتتاحي'!$C10*0.8 | E10: ='المصروف الافتتاحي'!$C10*0 | F10: ='المصروف الافتتاحي'!$C10*0.1 | G10: ='المصروف الافتتاحي'!$C10*0 | H10: ='المصروف الافتتاحي'!$C10*0.1 | I10: ='المصروف الافتتاحي'!$C10*0
B11: الإجمالي | C11: =SUBTOTAL(109,'المصروف الافتتاحي'!$C$7:$C$10) | D11: =SUM(D7:D10) | E11: =SUM(E7:E10) | F11: =SUM(F7:F10) | G11: =SUM(G7:G10) | H11: =SUM(H7:H10) | I11: =SUM(I7:I10)
D12: =D11/'المصروف الافتتاحي'!$C$11 | E12: =(E11/'المصروف الافتتاحي'!$C$11) | F12: =(F11/'المصروف الافتتاحي'!$C$11) | G12: =(G11/'المصروف الافتتاحي'!$C$11) | H12: =(H11/'المصروف الافتتاحي'!$C$11) | I12: =(I11/'المصروف الافتتاحي'!$C$11)
B13: البنية التحتية والخدمات | C13: المبلغ بالجنيه | D13: عند التعاقد | E13: الأسبوع 1 | F13: الأسبوع 2 | G13: الأسبوع 3 | H13: الأسبوع 4 | I13: الأسبوع 5
B14: شبكات الصرف وتجفيف أرضيات العنابر | C14: 173460 | D14: =البنية_التحتية_و_الخدمات[[#This Row],[المبلغ بالجنيه]]*0.3 | E14: =البنية_التحتية_و_الخدمات[[#This Row],[المبلغ بالجنيه]]*0.5 | F14: 0 | G14: =البنية_التحتية_و_الخدمات[[#This Row],[المبلغ بالجنيه]]*0.2 | H14: 0 | I14: 0
B15: خط تغذية التيار ولوحة التوزيع | C15: 114000 | D15: =0.6*البنية_التحتية_و_الخدمات[[#This Row],[المبلغ بالجنيه]] | E15: =البنية_التحتية_و_الخدمات[[#This Row],[المبلغ بالجنيه]]*0.4 | F15: 0 | G15: 0 | H15: 0 | I15: 0
B16: الإنارة والكاميرات وأنظمة التحكم | C16: 63250 | D16: =0*البنية_التحتية_و_الخدمات[[#This Row],[المبلغ بالجنيه]] | E16: =البنية_التحتية_و_الخدمات[[#This Row],[المبلغ بالجنيه]]*0 | F16: =البنية_التحتية_و_الخدمات[[#This Row],[المبلغ بالجنيه]]*0.8 | G16: =البنية_التحتية_و_الخدمات[[#This Row],[المبلغ بالجنيه]]*0.2 | H16: =البنية_التحتية_و_الخدمات[[#This Row],[المبلغ بالجنيه]]*0 | I16: =البنية_التحتية_و_الخدمات[[#This Row],[المبلغ بالجنيه]]*0
B17: بلتات تخزين قش الرز | C17: 63000 | D17: =0*البنية_التحتية_و_الخدمات[[#This Row],[المبلغ بالجنيه]] | E17: =البنية_التحتية_و_الخدمات[[#This Row],[المبلغ بالجنيه]]*1 | F17: =البنية_التحتية_و_الخدمات[[#This Row],[المبلغ بالجنيه]]*0 | G17: =البنية_التحتية_و_الخدمات[[#This Row],[المبلغ بالجنيه]]*0 | H17: =البنية_التحتية_و_الخدمات[[#This Row],[المبلغ بالجنيه]]*0 | I17: =البنية_التحتية_و_الخدمات[[#This Row],[المبلغ بالجنيه]]*0
B18: الخزانات ونظام توزيع مياه الشرب | C18: 115000 | D18: =البنية_التحتية_و_الخدمات[[#This Row],[المبلغ بالجنيه]]*0.8 | E18: =البنية_التحتية_و_الخدمات[[#This Row],[المبلغ بالجنيه]]*0 | F18: =البنية_التحتية_و_الخدمات[[#This Row],[المبلغ بالجنيه]]*0 | G18: =البنية_التحتية_و_الخدمات[[#This Row],[المبلغ بالجنيه]]*0 | H18: =البنية_التحتية_و_الخدمات[[#This Row],[المبلغ بالجنيه]]*0.2 | I18: =البنية_التحتية_و_الخدمات[[#This Row],[المبلغ بالجنيه]]*0
B19: الإجمالي | C19: =SUBTOTAL(109,البنية_التحتية_و_الخدمات[المبلغ بالجنيه]) | D19: =SUM(D14:D18) | E19: =SUM(E14:E18) | F19: =SUM(F14:F18) | G19: =SUM(G14:G18) | H19: =SUM(H14:H18) | I19: =SUM(I14:I18)
D20: =D19/البنية_التحتية_و_الخدمات[[#Totals],[المبلغ بالجنيه]] | E20: =E19/البنية_التحتية_و_الخدمات[[#Totals],[المبلغ بالجنيه]] | F20: =F19/البنية_التحتية_و_الخدمات[[#Totals],[المبلغ بالجنيه]] | G20: =G19/البنية_التحتية_و_الخدمات[[#Totals],[المبلغ بالجنيه]] | H20: =H19/البنية_التحتية_و_الخدمات[[#Totals],[المبلغ بالجنيه]] | I20: =I19/البنية_التحتية_و_الخدمات[[#Totals],[المبلغ بالجنيه]]
B21: المعدات والتجهيزات | C21: المبلغ بالجنيه | D21: عند التعاقد | E21: الأسبوع 1 | F21: الأسبوع 2 | G21: الأسبوع 3 | H21: الأسبوع 4 | I21: الأسبوع 5
B22: جرار زراعي 20 حصان | C22: 287500 | D22: =المعدات_والتجهيزات[[#This Row],[المبلغ بالجنيه]]*0 | E22: =1*المعدات_والتجهيزات[[#This Row],[المبلغ بالجنيه]] | F22: =0*المعدات_والتجهيزات[[#This Row],[المبلغ بالجنيه]] | G22: =0*المعدات_والتجهيزات[[#This Row],[المبلغ بالجنيه]] | H22: =0*المعدات_والتجهيزات[[#This Row],[المبلغ بالجنيه]] | I22: =0*المعدات_والتجهيزات[[#This Row],[المبلغ بالجنيه]]
B23: مفرمة للقش | C23: 70800 | D23: 0 | E23: =0*المعدات_والتجهيزات[[#This Row],[المبلغ بالجنيه]] | F23: =0*المعدات_والتجهيزات[[#This Row],[المبلغ بالجنيه]] | G23: =0*المعدات_والتجهيزات[[#This Row],[المبلغ بالجنيه]] | H23: =المعدات_والتجهيزات[[#This Row],[المبلغ بالجنيه]] | I23: =0*المعدات_والتجهيزات[[#This Row],[المبلغ بالجنيه]]
B24: مقطورة للجرار | C24: 96000 | D24: 0 | E24: =0*المعدات_والتجهيزات[[#This Row],[المبلغ بالجنيه]] | F24: =0*المعدات_والتجهيزات[[#This Row],[المبلغ بالجنيه]] | G24: =0*المعدات_والتجهيزات[[#This Row],[المبلغ بالجنيه]] | H24: =المعدات_والتجهيزات[[#This Row],[المبلغ بالجنيه]] | I24: =0*المعدات_والتجهيزات[[#This Row],[المبلغ بالجنيه]]
B25: عزاقة ومكنسة ملحقة بالجرار | C25: 76700 | D25: 0 | E25: =0*المعدات_والتجهيزات[[#This Row],[المبلغ بالجنيه]] | F25: =0*المعدات_والتجهيزات[[#This Row],[المبلغ بالجنيه]] | G25: =0*المعدات_والتجهيزات[[#This Row],[المبلغ بالجنيه]] | H25: =المعدات_والتجهيزات[[#This Row],[المبلغ بالجنيه]] | I25: =0*المعدات_والتجهيزات[[#This Row],[المبلغ بالجنيه]]
B26: تجهيزات الحجر البيطري | C26: 41975 | D26: 0 | E26: =0*المعدات_والتجهيزات[[#This Row],[المبلغ بالجنيه]] | F26: =0*المعدات_والتجهيزات[[#This Row],[المبلغ بالجنيه]] | G26: =0*المعدات_والتجهيزات[[#This Row],[المبلغ بالجنيه]] | H26: =المعدات_والتجهيزات[[#This Row],[المبلغ بالجنيه]] | I26: =0*المعدات_والتجهيزات[[#This Row],[المبلغ بالجنيه]]
B27: الإجمالي | C27: =SUBTOTAL(109,المعدات_والتجهيزات[المبلغ بالجنيه]) | D27: =SUM(D22:D26) | E27: =SUM(E22:E26) | F27: =SUM(F22:F26) | G27: =SUM(G22:G26) | H27: =SUM(H22:H26) | I27: =SUM(I22:I26)
D28: =D27/المعدات_والتجهيزات[[#Totals],[المبلغ بالجنيه]] | E28: =E27/المعدات_والتجهيزات[[#Totals],[المبلغ بالجنيه]] | F28: =F27/المعدات_والتجهيزات[[#Totals],[المبلغ بالجنيه]] | G28: =G27/المعدات_والتجهيزات[[#Totals],[المبلغ بالجنيه]] | H28: =H27/المعدات_والتجهيزات[[#Totals],[المبلغ بالجنيه]] | I28: =I27/المعدات_والتجهيزات[[#Totals],[المبلغ بالجنيه]]

Sheet Sheet1
B4: دفعات وتواريخ ضخ السيــولــــة بالمشـــروع | D4: 45897 | E4: =D4+6 | F4: =E4+7 | G4: =F4+7 | H4: =G4+7 | I4: =H4+7
D5: دفعة التعاقد | E5: الأسبوع 1 | F5: الأسبوع 2 | G5: الأسبوع 3 | H5: الأسبوع 4 | I5: الأسبوع 5
C6: 3613520 | D6: 1937114 | E6: 456000 | F6: 309152 | G6: 296501 | H6: 396551 | I6: 218202
C7: 1 | D7: =D6/$C$6 | E7: =E6/$C$6 | F7: =F6/$C$6 | G7: =G6/$C$6 | H7: =H6/$C$6 | I7: =I6/$C$6
B11: دفعات وتواريخ ضخ السيــولــــة بالمشـــروع | D11: 45897 | F11: =D11+13 | H11: =F11+14
D12: دفعة التعاقد | F12: الأسبوع 2 | H12: الأسبوع 5
C13: 3613520 | D13: =C13*D14 | F13: =C13*F14 | H13: =C13*H14
C14: 1 | D14: 0.6 | F14: 0.25 | H14: 0.15

Sheet Sheet1 (2)
B4: دفعات وتواريخ ضخ السيــولــــة بالمشـــروع | D4: 45897 | E4: =D4+13 | F4: =E4+14
D5: دفعة التعاقد | E5: الأسبوع 2 | F5: الأسبوع 5
C6: 3613520 | D6: =C6*D7 | E6: =C6*E7 | F6: =C6*F7
C7: 1 | D7: 0.6 | E7: 0.25 | F7: 0.15
B10: الإنشائات | C10: المبلغ بالجنيه | D10: عند التعاقد | E10: الأسبوع 2 | F10: الأسبوع 4
B11: عنابر التربية | C11: =2182020 | D11: =Table810[[#This Row],[المبلغ بالجنيه]]*0.6 | E11: =Table810[[#This Row],[المبلغ بالجنيه]]*0.25 | F11: =Table810[[#This Row],[المبلغ بالجنيه]]*0.15
B12: الحجر البيطري وغرف العزل | C12: 147000 | D12: =Table810[[#This Row],[المبلغ بالجنيه]]*0.6 | E12: =Table810[[#This Row],[المبلغ بالجنيه]]*0.25 | F12: =Table810[[#This Row],[المبلغ بالجنيه]]*0.15
B13: ابار تخمير الكومبوست | C13: 84000 | D13: =Table810[[#This Row],[المبلغ بالجنيه]]*0.6 | E13: =Table810[[#This Row],[المبلغ بالجنيه]]*0.25 | F13: =Table810[[#This Row],[المبلغ بالجنيه]]*0.15
B14: حواجز الحظائر وخطوط الأعلاف | C14: 259500 | D14: =Table810[[#This Row],[المبلغ بالجنيه]]*0.6 | E14: =Table810[[#This Row],[المبلغ بالجنيه]]*0.25 | F14: =Table810[[#This Row],[المبلغ بالجنيه]]*0.15
B15: الإجمالي | C15: =SUBTOTAL(109,'المصروف الافتتاحي'!$C$7:$C$10) | D15: =SUM(D11:D14) | E15: =Table810[[#This Row],[المبلغ بالجنيه]]*0.25 | F15: =Table810[[#This Row],[المبلغ بالجنيه]]*0.15
D16: =D15/'المصروف الافتتاحي'!$C$11 | E16: =(E15/'المصروف الافتتاحي'!$C$11) | F16: =(F15/'المصروف الافتتاحي'!$C$11)
B17: البنية التحتية والخدمات | C17: المبلغ بالجنيه | D17: عند التعاقد | E17: الأسبوع 2 | F17: الأسبوع 4
B18: شبكات الصرف وتجفيف أرضيات العنابر | C18: 147000 | D18: =البنية_التحتية_و_الخدمات7[[#This Row],[المبلغ بالجنيه]]*0.6 | E18: =البنية_التحتية_و_الخدمات7[[#This Row],[المبلغ بالجنيه]]*0.25 | F18: =البنية_التحتية_و_الخدمات7[[#This Row],[المبلغ بالجنيه]]*0.15
B19: خط تغذية التيار ولوحة التوزيع | C19: =95000 | D19: =البنية_التحتية_و_الخدمات7[[#This Row],[المبلغ بالجنيه]]*0.6 | E19: =البنية_التحتية_و_الخدمات7[[#This Row],[المبلغ بالجنيه]]*0.25 | F19: =البنية_التحتية_و_الخدمات7[[#This Row],[المبلغ بالجنيه]]*0.15
B20: الإنارة والكاميرات وأنظمة التحكم | C20: 55000 | D20: =البنية_التحتية_و_الخدمات7[[#This Row],[المبلغ بالجنيه]]*0.6 | E20: =البنية_التحتية_و_الخدمات7[[#This Row],[المبلغ بالجنيه]]*0.25 | F20: =البنية_التحتية_و_الخدمات7[[#This Row],[المبلغ بالجنيه]]*0.15
B21: بلتات تخزين قش الرز | C21: 52500 | D21: =البنية_التحتية_و_الخدمات7[[#This Row],[المبلغ بالجنيه]]*0.6 | E21: =البنية_التحتية_و_الخدمات7[[#This Row],[المبلغ بالجنيه]]*0.25 | F21: =البنية_التحتية_و_الخدمات7[[#This Row],[المبلغ بالجنيه]]*0.15
B22: الخزانات ونظام توزيع مياه الشرب | C22: 100000 | D22: =البنية_التحتية_و_الخدمات7[[#This Row],[المبلغ بالجنيه]]*0.6 | E22: =البنية_التحتية_و_الخدمات7[[#This Row],[المبلغ بالجنيه]]*0.25 | F22: =البنية_التحتية_و_الخدمات7[[#This Row],[المبلغ بالجنيه]]*0.15
B23: الإجمالي | C23: =SUBTOTAL(109,البنية_التحتية_و_الخدمات7[المبلغ بالجنيه]) | D23: =SUM(D18:D22) | E23: =SUM(E18:E22) | F23: =SUM(F18:F22)
D24: =D23/البنية_التحتية_و_الخدمات7[[#Totals],[المبلغ بالجنيه]] | E24: =البنية_التحتية_و_الخدمات7[[#Totals],[الأسبوع 2]]/البنية_التحتية_و_الخدمات7[[#Totals],[المبلغ بالجنيه]] | F24: =البنية_التحتية_و_الخدمات7[[#Totals],[الأسبوع 4]]/البنية_التحتية_و_الخدمات7[[#Totals],[المبلغ بالجنيه]]
B25: المعدات والتجهيزات | C25: المبلغ بالجنيه | D25: عند التعاقد | E25: الأسبوع 2 | F25: الأسبوع 4
B26: جرار زراعي 20 حصان | C26: 250000 | D26: =المعدات_والتجهيزات8[[#This Row],[المبلغ بالجنيه]]*0.6 | E26: =0.25*المعدات_والتجهيزات8[[#This Row],[المبلغ بالجنيه]] | F26: =المعدات_والتجهيزات8[[#This Row],[المبلغ بالجنيه]]*0.15
B27: مفرمة للقش | C27: 60000 | D27: =المعدات_والتجهيزات8[[#This Row],[المبلغ بالجنيه]]*0.6 | E27: =0.25*المعدات_والتجهيزات8[[#This Row],[المبلغ بالجنيه]] | F27: =المعدات_والتجهيزات8[[#This Row],[المبلغ بالجنيه]]*0.15
B28: مقطورة للجرار | C28: 80000 | D28: =المعدات_والتجهيزات8[[#This Row],[المبلغ بالجنيه]]*0.6 | E28: =0.25*المعدات_والتجهيزات8[[#This Row],[المبلغ بالجنيه]] | F28: =المعدات_والتجهيزات8[[#This Row],[المبلغ بالجنيه]]*0.15
B29: عزاقة ومكنسة ملحقة بالجرار | C29: 65000 | D29: =المعدات_والتجهيزات8[[#This Row],[المبلغ بالجنيه]]*0.6 | E29: =0.25*المعدات_والتجهيزات8[[#This Row],[المبلغ بالجنيه]] | F29: =المعدات_والتجهيزات8[[#This Row],[المبلغ بالجنيه]]*0.15
B30: تجهيزات الحجر البيطري | C30: 36500 | D30: =المعدات_والتجهيزات8[[#This Row],[المبلغ بالجنيه]]*0.6 | E30: =0.25*المعدات_والتجهيزات8[[#This Row],[المبلغ بالجنيه]] | F30: =المعدات_والتجهيزات8[[#This Row],[المبلغ بالجنيه]]*0.15
B31: الإجمالي | C31: =SUBTOTAL(109,المعدات_والتجهيزات8[المبلغ بالجنيه]) | D31: =SUM(D26:D30) | E31: =SUM(E26:E30) | F31: =SUM(F26:F30)
D32: =D31/المعدات_والتجهيزات8[[#Totals],[المبلغ بالجنيه]] | E32: =المعدات_والتجهيزات8[[#Totals],[الأسبوع 2]]/المعدات_والتجهيزات8[[#Totals],[المبلغ بالجنيه]] | F32: =المعدات_والتجهيزات8[[#Totals],[الأسبوع 4]]/المعدات_والتجهيزات8[[#Totals],[المبلغ بالجنيه]]

Sheet Sheet5
A3: Row Labels | B3: Sum of عند التعاقد | C3: Sum of الأسبوع 1 | D3: Sum of الأسبوع 2 | E3: Sum of الأسبوع 3 | F3: Sum of الأسبوع 4 | G3: Sum of الأسبوع 5 | H3: Sum of إجمالي البند
A4: ابار تخمير الكومبوست | B4: 21000 | C4: 42000 | D4: 21000 | E4: 0 | F4: 0 | G4: 0 | H4: 84000
A5: الإنارة والكاميرات وأنظمة التحكم | B5: 0 | C5: 0 | D5: 44000 | E5: 11000 | F5: 0 | G5: 0 | H5: 55000
A6: الحجر البيطري وغرف العزل | B6: 0 | C6: 0 | D6: 0 | E6: 147000 | F6: 0 | G6: 0 | H6: 147000
A7: الخزانات ونظام توزيع مياه الشرب | B7: 80000 | C7: 0 | D7: 0 | E7: 0 | F7: 20000 | G7: 0 | H7: 100000
A8: بلتات تخزين قش الرز | B8: 0 | C8: 52500 | D8: 0 | E8: 0 | F8: 0 | G8: 0 | H8: 52500
A9: تجهيزات الحجر البيطري | B9: 0 | C9: 0 | D9: 0 | E9: 0 | F9: 36500 | G9: 0 | H9: 36500
A10: جرار زراعي 20 حصان | B10: 250000 | C10: 0 | D10: 0 | E10: 0 | F10: 0 | G10: 0 | H10: 250000
A11: حواجز الحظائر وخطوط الأعلاف | B11: 207600 | C11: 0 | D11: 25950 | E11: 0 | F11: 25950 | G11: 0 | H11: 259500
A12: خط تغذية التيار ولوحة التوزيع | B12: 57000 | C12: 38000 | D12: 0 | E12: 0 | F12: 0 | G12: 0 | H12: 95000
A13: شبكات الصرف وتجفيف أرضيات العنابر | B13: 44100 | C13: 73500 | D13: 0 | E13: 29400 | F13: 0 | G13: 0 | H13: 147000
A14: عزاقة ومكنسة ملحقة بالجرار | B14: 0 | C14: 0 | D14: 0 | E14: 0 | F14: 65000 | G14: 0 | H14: 65000
A15: عنابر التربية | B15: 1527414 | C15: 0 | D15: 218202 | E15: 109101 | F15: 109101 | G15: 218202 | H15: 2182020
... A18: Grand Total | B18: 2187114 | C18: 206000 | D18: 309152 | E18: 296501 | F18: 396551 | G18: 218202 | H18: 3613520

Sheet Sheet5 (2)
A2: البند | B2: دفعة التعاقد | C2: الأسبوع 1 | D2: الأسبوع 2 | E2: الأسبوع 3 | F2: الأسبوع 4 | G2: الأسبوع 5 | H2: إجمالي البند
A3: ابار تخمير الكومبوست | B3: 21000 | C3: 42000 | D3: 21000 | E3: 0 | F3: 0 | G3: 0 | H3: 84000
A4: الإنارة والكاميرات وأنظمة التحكم | B4: 0 | C4: 0 | D4: 44000 | E4: 11000 | F4: 0 | G4: 0 | H4: 55000
A5: الحجر البيطري وغرف العزل | B5: 0 | C5: 0 | D5: 0 | E5: 147000 | F5: 0 | G5: 0 | H5: 147000
A6: الخزانات ونظام توزيع مياه الشرب | B6: 80000 | C6: 0 | D6: 0 | E6: 0 | F6: 20000 | G6: 0 | H6: 100000
A7: بلتات تخزين قش الرز | B7: 0 | C7: 52500 | D7: 0 | E7: 0 | F7: 0 | G7: 0 | H7: 52500
A8: تجهيزات الحجر البيطري | B8: 0 | C8: 0 | D8: 0 | E8: 0 | F8: 36500 | G8: 0 | H8: 36500
A9: جرار زراعي 20 حصان | B9: 250000 | C9: 0 | D9: 0 | E9: 0 | F9: 0 | G9: 0 | H9: 250000
A10: حواجز الحظائر وخطوط الأعلاف | B10: 207600 | C10: 0 | D10: 25950 | E10: 0 | F10: 25950 | G10: 0 | H10: 259500
A11: خط تغذية التيار ولوحة التوزيع | B11: 57000 | C11: 38000 | D11: 0 | E11: 0 | F11: 0 | G11: 0 | H11: 95000
A12: شبكات الصرف وتجفيف أرضيات العنابر | B12: 44100 | C12: 73500 | D12: 0 | E12: 29400 | F12: 0 | G12: 0 | H12: 147000
A13: عزاقة ومكنسة ملحقة بالجرار | B13: 0 | C13: 0 | D13: 0 | E13: 0 | F13: 65000 | G13: 0 | H13: 65000
A14: عنابر التربية | B14: 1527414 | C14: 0 | D14: 218202 | E14: 109101 | F14: 109101 | G14: 218202 | H14: 2182020
... A17: Grand Total | B17: 2187114 | C17: 206000 | D17: 309152 | E17: 296501 | F17: 396551 | G17: 218202 | H17: 3613520

Sheet المصروف الافتتاحي (2)
B2: الإنشائات | C2: المبلغ بالجنيه | D2: عند التعاقد | E2: الأسبوع 1 | F2: الأسبوع 2 | G2: الأسبوع 3 | H2: الأسبوع 4 | I2: الأسبوع 5 | J2: إجمالي البند
B3: عنابر التربية | C3: =2182020 | D3: ='المصروف الافتتاحي (2)'!$C3*0.7 | E3: ='المصروف الافتتاحي (2)'!$C3*0 | F3: ='المصروف الافتتاحي (2)'!$C3*0.1 | G3: ='المصروف الافتتاحي (2)'!$C3*0.05 | H3: =Table812[[#This Row],[المبلغ بالجنيه]]*0.05 | I3: ='المصروف الافتتاحي (2)'!$C3*0.1 | J3: =SUM(D3,H3,G3,F3,E3,I3)
B4: الحجر البيطري وغرف العزل | C4: 147000 | D4: 0 | E4: 0 | F4: 0 | G4: ='المصروف الافتتاحي (2)'!$C4 | H4: =Table812[[#This Row],[المبلغ بالجنيه]]*0 | I4: 0 | J4: =SUM(D4,H4,G4,F4,E4,I4)
B5: ابار تخمير الكومبوست | C5: 84000 | D5: ='المصروف الافتتاحي (2)'!$C5*0.25 | E5: ='المصروف الافتتاحي (2)'!$C5*0.5 | F5: ='المصروف الافتتاحي (2)'!$C5*0.25 | G5: 0 | H5: =Table812[[#This Row],[المبلغ بالجنيه]]*0 | I5: 0 | J5: =SUM(D5,H5,G5,F5,E5,I5)
B6: حواجز الحظائر وخطوط الأعلاف | C6: 259500 | D6: ='المصروف الافتتاحي (2)'!$C6*0.8 | E6: ='المصروف الافتتاحي (2)'!$C6*0 | F6: ='المصروف الافتتاحي (2)'!$C6*0.1 | G6: ='المصروف الافتتاحي (2)'!$C6*0 | H6: =Table812[[#This Row],[المبلغ بالجنيه]]*0.1 | I6: ='المصروف الافتتاحي (2)'!$C6*0 | J6: =SUM(D6,H6,G6,F6,E6,I6)
B7: شبكات الصرف وتجفيف أرضيات العنابر | C7: 147000 | D7: ='المصروف الافتتاحي (2)'!$C7*0.3 | E7: ='المصروف الافتتاحي (2)'!$C7*0.5 | F7: 0 | G7: ='المصروف الافتتاحي (2)'!$C7*0.2 | H7: =Table812[[#This Row],[المبلغ بالجنيه]]*0 | I7: 0 | J7: =SUM(D7,H7,G7,F7,E7,I7)
B8: خط تغذية التيار ولوحة التوزيع | C8: =95000 | D8: =0.6*'المصروف الافتتاحي (2)'!$C8 | E8: ='المصروف الافتتاحي (2)'!$C8*0.4 | F8: 0 | G8: 0 | H8: =Table812[[#This Row],[المبلغ بالجنيه]]*0 | I8: 0 | J8: =SUM(D8,H8,G8,F8,E8,I8)
B9: الإنارة والكاميرات وأنظمة التحكم | C9: 55000 | D9: =0*'المصروف الافتتاحي (2)'!$C9 | E9: ='المصروف الافتتاحي (2)'!$C9*0 | F9: ='المصروف الافتتاحي (2)'!$C9*0.8 | G9: ='المصروف الافتتاحي (2)'!$C9*0.2 | H9: =Table812[[#This Row],[المبلغ بالجنيه]]*0 | I9: ='المصروف الافتتاحي (2)'!$C9*0 | J9: =SUM(D9,H9,G9,F9,E9,I9)
B10: بلتات تخزين قش الرز | C10: 52500 | D10: =0*'المصروف الافتتاحي (2)'!$C10 | E10: ='المصروف الافتتاحي (2)'!$C10*1 | F10: ='المصروف الافتتاحي (2)'!$C10*0 | G10: ='المصروف الافتتاحي (2)'!$C10*0 | H10: =Table812[[#This Row],[المبلغ بالجنيه]]*0 | I10: ='المصروف الافتتاحي (2)'!$C10*0 | J10: =SUM(D10,H10,G10,F10,E10,I10)
B11: الخزانات ونظام توزيع مياه الشرب | C11: 100000 | D11: ='المصروف الافتتاحي (2)'!$C11*0.8 | E11: ='المصروف الافتتاحي (2)'!$C11*0 | F11: ='المصروف الافتتاحي (2)'!$C11*0 | G11: ='المصروف الافتتاحي (2)'!$C11*0 | H11: =Table812[[#This Row],[المبلغ بالجنيه]]*0.2 | I11: ='المصروف الافتتاحي (2)'!$C11*0 | J11: =SUM(D11:I11)
B12: جرار زراعي 20 حصان | C12: 250000 | D12: ='المصروف الافتتاحي (2)'!$C12*1 | E12: =0*'المصروف الافتتاحي (2)'!$C12 | F12: =0*'المصروف الافتتاحي (2)'!$C12 | G12: =0*'المصروف الافتتاحي (2)'!$C12 | H12: =Table812[[#This Row],[المبلغ بالجنيه]]*0 | I12: =0*'المصروف الافتتاحي (2)'!$C12 | J12: =SUM(D12:I12)
B13: مفرمة للقش | C13: 60000 | D13: 0 | E13: =0*'المصروف الافتتاحي (2)'!$C13 | F13: =0*'المصروف الافتتاحي (2)'!$C13 | G13: =0*'المصروف الافتتاحي (2)'!$C13 | H13: =Table812[[#This Row],[المبلغ بالجنيه]]*1 | I13: =0*'المصروف الافتتاحي (2)'!$C13 | J13: =SUM(D13:I13)
B14: مقطورة للجرار | C14: 80000 | D14: 0 | E14: =0*'المصروف الافتتاحي (2)'!$C14 | F14: =0*'المصروف الافتتاحي (2)'!$C14 | G14: =0*'المصروف الافتتاحي (2)'!$C14 | H14: =Table812[[#This Row],[المبلغ بالجنيه]]*1 | I14: =0*'المصروف الافتتاحي (2)'!$C14 | J14: =SUM(D14:I14)
B15: عزاقة ومكنسة ملحقة بالجرار | C15: 65000 | D15: 0 | E15: =0*'المصروف الافتتاحي (2)'!$C15 | F15: =0*'المصروف الافتتاحي (2)'!$C15 | G15: =0*'المصروف الافتتاحي (2)'!$C15 | H15: =Table812[[#This Row],[المبلغ بالجنيه]]*1 | I15: =0*'المصروف الافتتاحي (2)'!$C15 | J15: =SUM(D15:I15)
B16: تجهيزات الحجر البيطري | C16: 36500 | D16: 0 | E16: =0*'المصروف الافتتاحي (2)'!$C16 | F16: =0*'المصروف الافتتاحي (2)'!$C16 | G16: =0*'المصروف الافتتاحي (2)'!$C16 | H16: =Table812[[#This Row],[المبلغ بالجنيه]]*1 | I16: =0*'المصروف الافتتاحي (2)'!$C16 | J16: =SUM(D16:I16)
